Workbook

Sheet ATR29_Raw_Data
A1: Summary
A2: Study Name | B2: ATR 29. Ventnor Avenue, between Trenton Avenue & Black Horse Pike
A3: Project | B3: SJTPO: T-1030051: Data Collection Program
A4: Project Code | B4: T-1030051
A5: Channel Granularity | B5: By Direction
A6: Bin Size | B6: 1 hour
A7: Time Zone | B7: America/New_York
A8: Start Time | B8: 46144
A9: End Time | B9: 46151
A10: Location | B10: SJTPO ATR 29
A11: Latitude and Longitude | B11: 39.350997,-74.455805
A13: Midday Peak (WKND) | B13: May 02 2026 11:15AM - 12:15 PM (0.934)
A14: PM Peak (WKND) | B14: May 02 2026 3PM - 4 PM (0.939)
A15: AM Peak (WKND) | B15: May 03 2026 10AM - 11 AM (0.916)
A16: Midday Peak | B16: May 05 2026 12:30PM - 1:30 PM (0.915)
A17: AM Peak | B17: May 06 2026 7:45AM - 8:45 AM (0.883)
A18: PM Peak (Overall Peak Hour) | B18: May 08 2026 2:45PM - 3:45 PM (0.964)
A19: Motorcycles
A20: Entry | B20: n/a | C20: n/a
A21: Direction | B21: Northbound | C21: Southbound
A22: Start Time | B22: Thru | C22: Thru
A23: 46144 | B23: 0 | C23: 0
A24: 46144.042 | B24: 0 | C24: 0
A25: 46144.083 | B25: 0 | C25: 0
A26: 46144.125 | B26: 0 | C26: 0
A27: 46144.167 | B27: 0 | C27: 0
A28: 46144.208 | B28: 0 | C28: 0
A29: 46144.25 | B29: 0 | C29: 1
A30: 46144.292 | B30: 1 | C30: 0
A31: 46144.333 | B31: 0 | C31: 0
A32: 46144.375 | B32: 0 | C32: 0
A33: 46144.417 | B33: 0 | C33: 0
A34: 46144.458 | B34: 0 | C34: 2
... A190: 46150.958 | B190: 0 | C190: 0
A191: Lights
A192: Entry | B192: n/a | C192: n/a
A193: Direction | B193: Northbound | C193: Southbound
A194: Start Time | B194: Thru | C194: Thru
A195: 46144 | B195: 117 | C195: 107
A196: 46144.042 | B196: 83 | C196: 78
A197: 46144.083 | B197: 57 | C197: 67
A198: 46144.125 | B198: 45 | C198: 40
A199: 46144.167 | B199: 54 | C199: 31
A200: 46144.208 | B200: 60 | C200: 23
A201: 46144.25 | B201: 144 | C201: 54
A202: 46144.292 | B202: 209 | C202: 112
A203: 46144.333 | B203: 318 | C203: 159
A204: 46144.375 | B204: 370 | C204: 163
A205: 46144.417 | B205: 368 | C205: 180
A206: 46144.458 | B206: 414 | C206: 236
... A362: 46150.958 | B362: 169 | C362: 130
A363: Single-Unit Trucks
A364: Entry | B364: n/a | C364: n/a
A365: Direction | B365: Northbound | C365: Southbound
A366: Start Time | B366: Thru | C366: Thru
A367: 46144 | B367: 0 | C367: 0
A368: 46144.042 | B368: 0 | C368: 0
A369: 46144.083 | B369: 0 | C369: 0
A370: 46144.125 | B370: 0 | C370: 0
A371: 46144.167 | B371: 1 | C371: 0
A372: 46144.208 | B372: 2 | C372: 0
A373: 46144.25 | B373: 0 | C373: 3
A374: 46144.292 | B374: 4 | C374: 4
A375: 46144.333 | B375: 4 | C375: 9
A376: 46144.375 | B376: 2 | C376: 3
A377: 46144.417 | B377: 4 | C377: 4
A378: 46144.458 | B378: 2 | C378: 5
... A534: 46150.958 | B534: 0 | C534: 1
A535: Articulated Trucks
A536: Entry | B536: n/a | C536: n/a
A537: Direction | B537: Northbound | C537: Southbound
A538: Start Time | B538: Thru | C538: Thru
A539: 46144 | B539: 0 | C539: 0
A540: 46144.042 | B540: 0 | C540: 0
A541: 46144.083 | B541: 0 | C541: 0
A542: 46144.125 | B542: 0 | C542: 0
A543: 46144.167 | B543: 0 | C543: 0
A544: 46144.208 | B544: 0 | C544: 0
A545: 46144.25 | B545: 0 | C545: 0
A546: 46144.292 | B546: 0 | C546: 1
A547: 46144.333 | B547: 1 | C547: 0
A548: 46144.375 | B548: 0 | C548: 1
A549: 46144.417 | B549: 0 | C549: 0
A550: 46144.458 | B550: 0 | C550: 0
... A706: 46150.958 | B706: 0 | C706: 0
A707: Buses
A708: Entry | B708: n/a | C708: n/a
A709: Direction | B709: Northbound | C709: Southbound
A710: Start Time | B710: Thru | C710: Thru
A711: 46144 | B711: 5 | C711: 1
A712: 46144.042 | B712: 2 | C712: 1
A713: 46144.083 | B713: 3 | C713: 1
A714: 46144.125 | B714: 1 | C714: 2
A715: 46144.167 | B715: 4 | C715: 2
A716: 46144.208 | B716: 2 | C716: 2
A717: 46144.25 | B717: 7 | C717: 2
A718: 46144.292 | B718: 11 | C718: 4
A719: 46144.333 | B719: 16 | C719: 6
A720: 46144.375 | B720: 15 | C720: 3
A721: 46144.417 | B721: 13 | C721: 5
...

Sheet ATR29_Raw_Clean
A1: Summary
A2: Study Name | B2: ATR 29. Ventnor Avenue, between Trenton Avenue & Black Horse Pike
A3: Project | B3: SJTPO: T-1030051: Data Collection Program
A4: Project Code | B4: T-1030051
A5: Channel Granularity | B5: By Direction
A6: Bin Size | B6: 1 hour
A7: Time Zone | B7: America/New_York
A8: Start Time | B8: 46144
A9: End Time | B9: 46151
A10: Location | B10: SJTPO ATR 29
A11: Latitude and Longitude | B11: 39.350997,-74.455805
A13: Midday Peak (WKND) | B13: May 02 2026 11:15AM - 12:15 PM (0.934)
A14: PM Peak (WKND) | B14: May 02 2026 3PM - 4 PM (0.939)
A15: AM Peak (WKND) | B15: May 03 2026 10AM - 11 AM (0.916)
A16: Midday Peak | B16: May 05 2026 12:30PM - 1:30 PM (0.915)
A17: AM Peak | B17: May 06 2026 7:45AM - 8:45 AM (0.883)
A18: PM Peak (Overall Peak Hour) | B18: May 08 2026 2:45PM - 3:45 PM (0.964)
A22: Date | B22: NB_Counts | C22: SB_Counts | D22: Class | E22: NBSB_Counts | G22: Sum_NB | H22: Sum_SB | J22: Sum_NBSB
A23: 46144 | B23: =ATR29_Raw_Data!B23 -> 0 | C23: =ATR29_Raw_Data!C23 -> 0 | D23: Motorcycles | E23: =SUM(B23:C23) -> 0 | G23: =SUM(B23:B1030) -> 52523 | H23: =SUM(C23:C1030) -> 29806 | J23: =SUM(E23:E1030) -> 82329
A24: 46144.042 | B24: =ATR29_Raw_Data!B24 -> 0 | C24: =ATR29_Raw_Data!C24 -> 0 | D24: Motorcycles | E24: =SUM(B24:C24) -> 0
A25: 46144.083 | B25: =ATR29_Raw_Data!B25 -> 0 | C25: =ATR29_Raw_Data!C25 -> 0 | D25: Motorcycles | E25: =SUM(B25:C25) -> 0
A26: 46144.125 | B26: =ATR29_Raw_Data!B26 -> 0 | C26: =ATR29_Raw_Data!C26 -> 0 | D26: Motorcycles | E26: =SUM(B26:C26) -> 0
A27: 46144.167 | B27: =ATR29_Raw_Data!B27 -> 0 | C27: =ATR29_Raw_Data!C27 -> 0 | D27: Motorcycles | E27: =SUM(B27:C27) -> 0
A28: 46144.208 | B28: =ATR29_Raw_Data!B28 -> 0 | C28: =ATR29_Raw_Data!C28 -> 0 | D28: Motorcycles | E28: =SUM(B28:C28) -> 0
A29: 46144.25 | B29: =ATR29_Raw_Data!B29 -> 0 | C29: =ATR29_Raw_Data!C29 -> 1 | D29: Motorcycles | E29: =SUM(B29:C29) -> 1
A30: 46144.292 | B30: =ATR29_Raw_Data!B30 -> 1 | C30: =ATR29_Raw_Data!C30 -> 0 | D30: Motorcycles | E30: =SUM(B30:C30) -> 1
A31: 46144.333 | B31: =ATR29_Raw_Data!B31 -> 0 | C31: =ATR29_Raw_Data!C31 -> 0 | D31: Motorcycles | E31: =SUM(B31:C31) -> 0
A32: 46144.375 | B32: =ATR29_Raw_Data!B32 -> 0 | C32: =ATR29_Raw_Data!C32 -> 0 | D32: Motorcycles | E32: =SUM(B32:C32) -> 0
A33: 46144.417 | B33: =ATR29_Raw_Data!B33 -> 0 | C33: =ATR29_Raw_Data!C33 -> 0 | D33: Motorcycles | E33: =SUM(B33:C33) -> 0
A34: 46144.458 | B34: =ATR29_Raw_Data!B34 -> 0 | C34: =ATR29_Raw_Data!C34 -> 2 | D34: Motorcycles | E34: =SUM(B34:C34) -> 2
A35: 46144.5 | B35: =ATR29_Raw_Data!B35 -> 0 | C35: =ATR29_Raw_Data!C35 -> 0 | D35: Motorcycles | E35: =SUM(B35:C35) -> 0
... A190: 46150.958 | B190: =ATR29_Raw_Data!B190 -> 0 | C190: =ATR29_Raw_Data!C190 -> 0 | D190: Motorcycles | E190: =SUM(B190:C190) -> 0
A191: 46144 | B191: =ATR29_Raw_Data!B195 -> 117 | C191: =ATR29_Raw_Data!C195 -> 107 | D191: Lights | E191: =SUM(B191:C191) -> 224
A192: 46144.042 | B192: =ATR29_Raw_Data!B196 -> 83 | C192: =ATR29_Raw_Data!C196 -> 78 | D192: Lights | E192: =SUM(B192:C192) -> 161
A193: 46144.083 | B193: =ATR29_Raw_Data!B197 -> 57 | C193: =ATR29_Raw_Data!C197 -> 67 | D193: Lights | E193: =SUM(B193:C193) -> 124
A194: 46144.125 | B194: =ATR29_Raw_Data!B198 -> 45 | C194: =ATR29_Raw_Data!C198 -> 40 | D194: Lights | E194: =SUM(B194:C194) -> 85
A195: 46144.167 | B195: =ATR29_Raw_Data!B199 -> 54 | C195: =ATR29_Raw_Data!C199 -> 31 | D195: Lights | E195: =SUM(B195:C195) -> 85
A196: 46144.208 | B196: =ATR29_Raw_Data!B200 -> 60 | C196: =ATR29_Raw_Data!C200 -> 23 | D196: Lights | E196: =SUM(B196:C196) -> 83
A197: 46144.25 | B197: =ATR29_Raw_Data!B201 -> 144 | C197: =ATR29_Raw_Data!C201 -> 54 | D197: Lights | E197: =SUM(B197:C197) -> 198
A198: 46144.292 | B198: =ATR29_Raw_Data!B202 -> 209 | C198: =ATR29_Raw_Data!C202 -> 112 | D198: Lights | E198: =SUM(B198:C198) -> 321
A199: 46144.333 | B199: =ATR29_Raw_Data!B203 -> 318 | C199: =ATR29_Raw_Data!C203 -> 159 | D199: Lights | E199: =SUM(B199:C199) -> 477
A200: 46144.375 | B200: =ATR29_Raw_Data!B204 -> 370 | C200: =ATR29_Raw_Data!C204 -> 163 | D200: Lights | E200: =SUM(B200:C200) -> 533
A201: 46144.417 | B201: =ATR29_Raw_Data!B205 -> 368 | C201: =ATR29_Raw_Data!C205 -> 180 | D201: Lights | E201: =SUM(B201:C201) -> 548
A202: 46144.458 | B202: =ATR29_Raw_Data!B206 -> 414 | C202: =ATR29_Raw_Data!C206 -> 236 | D202: Lights | E202: =SUM(B202:C202) -> 650
... A358: 46150.958 | B358: =ATR29_Raw_Data!B362 -> 169 | C358: =ATR29_Raw_Data!C362 -> 130 | D358: Lights | E358: =SUM(B358:C358) -> 299
A359: 46144 | B359: =ATR29_Raw_Data!B367 -> 0 | C359: =ATR29_Raw_Data!C367 -> 0 | D359: SU_Truck | E359: =SUM(B359:C359) -> 0
A360: 46144.042 | B360: =ATR29_Raw_Data!B368 -> 0 | C360: =ATR29_Raw_Data!C368 -> 0 | D360: SU_Truck | E360: =SUM(B360:C360) -> 0
A361: 46144.083 | B361: =ATR29_Raw_Data!B369 -> 0 | C361: =ATR29_Raw_Data!C369 -> 0 | D361: SU_Truck | E361: =SUM(B361:C361) -> 0
A362: 46144.125 | B362: =ATR29_Raw_Data!B370 -> 0 | C362: =ATR29_Raw_Data!C370 -> 0 | D362: SU_Truck | E362: =SUM(B362:C362) -> 0
A363: 46144.167 | B363: =ATR29_Raw_Data!B371 -> 1 | C363: =ATR29_Raw_Data!C371 -> 0 | D363: SU_Truck | E363: =SUM(B363:C363) -> 1
A364: 46144.208 | B364: =ATR29_Raw_Data!B372 -> 2 | C364: =ATR29_Raw_Data!C372 -> 0 | D364: SU_Truck | E364: =SUM(B364:C364) -> 2
A365: 46144.25 | B365: =ATR29_Raw_Data!B373 -> 0 | C365: =ATR29_Raw_Data!C373 -> 3 | D365: SU_Truck | E365: =SUM(B365:C365) -> 3
A366: 46144.292 | B366: =ATR29_Raw_Data!B374 -> 4 | C366: =ATR29_Raw_Data!C374 -> 4 | D366: SU_Truck | E366: =SUM(B366:C366) -> 8
A367: 46144.333 | B367: =ATR29_Raw_Data!B375 -> 4 | C367: =ATR29_Raw_Data!C375 -> 9 | D367: SU_Truck | E367: =SUM(B367:C367) -> 13
A368: 46144.375 | B368: =ATR29_Raw_Data!B376 -> 2 | C368: =ATR29_Raw_Data!C376 -> 3 | D368: SU_Truck | E368: =SUM(B368:C368) -> 5
A369: 46144.417 | B369: =ATR29_Raw_Data!B377 -> 4 | C369: =ATR29_Raw_Data!C377 -> 4 | D369: SU_Truck | E369: =SUM(B369:C369) -> 8
A370: 46144.458 | B370: =ATR29_Raw_Data!B378 -> 2 | C370: =ATR29_Raw_Data!C378 -> 5 | D370: SU_Truck | E370: =SUM(B370:C370) -> 7
... A526: 46150.958 | B526: =ATR29_Raw_Data!B534 -> 0 | C526: =ATR29_Raw_Data!C534 -> 1 | D526: SU_Truck | E526: =SUM(B526:C526) -> 1
A527: 46144 | B527: =ATR29_Raw_Data!B539 -> 0 | C527: =ATR29_Raw_Data!C539 -> 0 | D527: Art_Trucks | E527: =SUM(B527:C527) -> 0
A528: 46144.042 | B528: =ATR29_Raw_Data!B540 -> 0 | C528: =ATR29_Raw_Data!C540 -> 0 | D528: Art_Trucks | E528: =SUM(B528:C528) -> 0
A529: 46144.083 | B529: =ATR29_Raw_Data!B541 -> 0 | C529: =ATR29_Raw_Data!C541 -> 0 | D529: Art_Trucks | E529: =SUM(B529:C529) -> 0
A530: 46144.125 | B530: =ATR29_Raw_Data!B542 -> 0 | C530: =ATR29_Raw_Data!C542 -> 0 | D530: Art_Trucks | E530: =SUM(B530:C530) -> 0
A531: 46144.167 | B531: =ATR29_Raw_Data!B543 -> 0 | C531: =ATR29_Raw_Data!C543 -> 0 | D531: Art_Trucks | E531: =SUM(B531:C531) -> 0
A532: 46144.208 | B532: =ATR29_Raw_Data!B544 -> 0 | C532: =ATR29_Raw_Data!C544 -> 0 | D532: Art_Trucks | E532: =SUM(B532:C532) -> 0
A533: 46144.25 | B533: =ATR29_Raw_Data!B545 -> 0 | C533: =ATR29_Raw_Data!C545 -> 0 | D533: Art_Trucks | E533: =SUM(B533:C533) -> 0
A534: 46144.292 | B534: =ATR29_Raw_Data!B546 -> 0 | C534: =ATR29_Raw_Data!C546 -> 1 | D534: Art_Trucks | E534: =SUM(B534:C534) -> 1
A535: 46144.333 | B535: =ATR29_Raw_Data!B547 -> 1 | C535: =ATR29_Raw_Data!C547 -> 0 | D535: Art_Trucks | E535: =SUM(B535:C535) -> 1
A536: 46144.375 | B536: =ATR29_Raw_Data!B548 -> 0 | C536: =ATR29_Raw_Data!C548 -> 1 | D536: Art_Trucks | E536: =SUM(B536:C536) -> 1
A537: 46144.417 | B537: =ATR29_Raw_Data!B549 -> 0 | C537: =ATR29_Raw_Data!C549 -> 0 | D537: Art_Trucks | E537: =SUM(B537:C537) -> 0
A538: 46144.458 | B538: =ATR29_Raw_Data!B550 -> 0 | C538: =ATR29_Raw_Data!C550 -> 0 | D538: Art_Trucks | E538: =SUM(B538:C538) -> 0
... A694: 46150.958 | B694: =ATR29_Raw_Data!B706 -> 0 | C694: =ATR29_Raw_Data!C706 -> 0 | D694: Art_Trucks | E694: =SUM(B694:C694) -> 0
A695: 46144 | B695: =ATR29_Raw_Data!B711 -> 5 | C695: =ATR29_Raw_Data!C711 -> 1 | D695: Buses | E695: =SUM(B695:C695) -> 6
A696: 46144.042 | B696: =ATR29_Raw_Data!B712 -> 2 | C696: =ATR29_Raw_Data!C712 -> 1 | D696: Buses | E696: =SUM(B696:C696) -> 3
A697: 46144.083 | B697: =ATR29_Raw_Data!B713 -> 3 | C697: =ATR29_Raw_Data!C713 -> 1 | D697: Buses | E697: =SUM(B697:C697) -> 4
A698: 46144.125 | B698: =ATR29_Raw_Data!B714 -> 1 | C698: =ATR29_Raw_Data!C714 -> 2 | D698: Buses | E698: =SUM(B698:C698) -> 3
A699: 46144.167 | B699: =ATR29_Raw_Data!B715 -> 4 | C699: =ATR29_Raw_Data!C715 -> 2 | D699: Buses | E699: =SUM(B699:C699) -> 6
A700: 46144.208 | B700: =ATR29_Raw_Data!B716 -> 2 | C700: =ATR29_Raw_Data!C716 -> 2 | D700: Buses | E700: =SUM(B700:C700) -> 4
A701: 46144.25 | B701: =ATR29_Raw_Data!B717 -> 7 | C701: =ATR29_Raw_Data!C717 -> 2 | D701: Buses | E701: =SUM(B701:C701) -> 9
A702: 46144.292 | B702: =ATR29_Raw_Data!B718 -> 11 | C702: =ATR29_Raw_Data!C718 -> 4 | D702: Buses | E702: =SUM(B702:C702) -> 15
A703: 46144.333 | B703: =ATR29_Raw_Data!B719 -> 16 | C703: =ATR29_Raw_Data!C719 -> 6 | D703: Buses | E703: =SUM(B703:C703) -> 22
A704: 46144.375 | B704: =ATR29_Raw_Data!B720 -> 15 | C704: =ATR29_Raw_Data!C720 -> 3 | D704: Buses | E704: =SUM(B704:C704) -> 18
A705: 46144.417 | B705: =ATR29_Raw_Data!B721 -> 13 | C705: =ATR29_Raw_Data!C721 -> 5 | D705: Buses | E705: =SUM(B705:C705) -> 18
A706: 46144.458 | B706: =ATR29_Raw_Data!B722 -> 10 | C706: =ATR29_Raw_Data!C722 -> 6 | D706: Buses | E706: =SUM(B706:C706) -> 16
... A862: 46150.958 | B862: =ATR29_Raw_Data!B878 -> 9 | C862: =ATR29_Raw_Data!C878 -> 2 | D862: Buses | E862: =SUM(B862:C862) -> 11
A863: 46144 | B863: =ATR29_Raw_Data!B711 -> 5 | C863: =ATR29_Raw_Data!C711 -> 1 | D863: Bicycles | E863: =SUM(B863:C863) -> 6
A864: 46144.042 | B864: =ATR29_Raw_Data!B712 -> 2 | C864: =ATR29_Raw_Data!C712 -> 1 | D864: Bicycles | E864: =SUM(B864:C864) -> 3
A865: 46144.083 | B865: =ATR29_Raw_Data!B713 -> 3 | C865: =ATR29_Raw_Data!C713 -> 1 | D865: Bicycles | E865: =SUM(B865:C865) -> 4
A866: 46144.125 | B866: =ATR29_Raw_Data!B714 -> 1 | C866: =ATR29_Raw_Data!C714 -> 2 | D866: Bicycles | E866: =SUM(B866:C866) -> 3
A867: 46144.167 | B867: =ATR29_Raw_Data!B715 -> 4 | C867: =ATR29_Raw_Data!C715 -> 2 | D867: Bicycles | E867: =SUM(B867:C867) -> 6
A868: 46144.208 | B868: =ATR29_Raw_Data!B716 -> 2 | C868: =ATR29_Raw_Data!C716 -> 2 | D868: Bicycles | E868: =SUM(B868:C868) -> 4
A869: 46144.25 | B869: =ATR29_Raw_Data!B717 -> 7 | C869: =ATR29_Raw_Data!C717 -> 2 | D869: Bicycles | E869: =SUM(B869:C869) -> 9
A870: 46144.292 | B870: =ATR29_Raw_Data!B718 -> 11 | C870: =ATR29_Raw_Data!C718 -> 4 | D870: Bicycles | E870: =SUM(B870:C870) -> 15
A871: 46144.333 | B871: =ATR29_Raw_Data!B719 -> 16 | C871: =ATR29_Raw_Data!C719 -> 6 | D871: Bicycles | E871: =SUM(B871:C871) -> 22
A872: 46144.375 | B872: =ATR29_Raw_Data!B720 -> 15 | C872: =ATR29_Raw_Data!C720 -> 3 | D872: Bicycles | E872: =SUM(B872:C872) -> 18
A873: 46144.417 | B873: =ATR29_Raw_Data!B721 -> 13 | C873: =ATR29_Raw_Data!C721 -> 5 | D873: Bicycles | E873: =SUM(B873:C873) -> 18
A874: 46144.458 | B874: =ATR29_Raw_Data!B722 -> 10 | C874: =ATR29_Raw_Data!C722 -> 6 | D874: Bicycles | E874: =SUM(B874:C874) -> 16
... A1030: 46150.958 | B1030: =ATR29_Raw_Data!B878 -> 9 | C1030: =ATR29_Raw_Data!C878 -> 2 | D1030: Bicycles | E1030: =SUM(B1030:C1030) -> 11

Sheet ATR29_ADT_by_Class
A2: Pivot Table | G2: Count Sum by Class | M2: %Count by Class
A3: Class | B3: Sum of NBSB_Counts | C3: Sum of NB_Counts | D3: Sum of SB_Counts | G3: Class | H3: Sum_NBSB_Counts | I3: Sum_NB_Count | J3: Sum_SB_Count | M3: Class | N3: NBSB_Counts | O3: NB_Count | P3: SB_Count
A4: Motorcycles | B4: 126 | C4: 70 | D4: 56 | G4: Motorcycles | H4: 135 | I4: 69 | J4: 66 | M4: Motorcycles | N4: =(H4/$H$10) -> 0.0015684179 | O4: =(I4/$I$10) -> 0.001501861 | P4: =(J4/$J$10) -> 0.0016446139
A5: Lights | B5: 76025 | C5: 48371 | D5: 27654 | G5: Lights | H5: 81905 | I5: 43794 | J5: 38111 | M5: Lights | N5: =(H5/$H$10) -> 0.95156493 | O5: =(I5/$I$10) -> 0.95322465 | P5: =(J5/$J$10) -> 0.94966485
A6: SU_Truck | B6: 1002 | C6: 525 | D6: 477 | G6: SU_Truck | H6: 3077 | I6: 1680 | J6: 1397 | M6: SU_Truck | N6: =(H6/$H$10) -> 0.03574831 | O6: =(I6/$I$10) -> 0.03656705 | P6: =(J6/$J$10) -> 0.034810994
A7: Art_Trucks | B7: 96 | C7: 47 | D7: 49 | G7: Art_Trucks | H7: 615 | I7: 228 | J7: 387 | M7: Art_Trucks | N7: =(H7/$H$10) -> 0.0071450148 | O7: =(I7/$I$10) -> 0.0049626711 | P7: =(J7/$J$10) -> 0.0096434178
A8: Buses | B8: 2540 | C8: 1755 | D8: 785 | G8: Buses | H8: 271 | I8: 131 | J8: 140 | M8: Buses | N8: =(H8/$H$10) -> 0.0031484537 | O8: =(I8/$I$10) -> 0.0028513593 | P8: =(J8/$J$10) -> 0.0034885749
A9: Bicycles | B9: 2540 | C9: 1755 | D9: 785 | G9: Bicycles | H9: 71 | I9: 41 | J9: 30 | M9: Bicycles | N9: =(H9/$H$10) -> 0.00082487162 | O9: =(I9/$I$10) -> 0.00089241016 | P9: =(J9/$J$10) -> 0.00074755177
A10: Grand Total | B10: 82329 | C10: 52523 | D10: 29806 | G10: Grand Total | H10: 86074 | I10: 45943 | J10: 40131 | M10: Grand Total | N10: =SUM(N4:N9) -> 1 | O10: =SUM(O4:O9) -> 1 | P10: =SUM(P4:P9) -> 1
G13: ADT by Class
G14: Class | H14: ADT_NBSB_Counts | I14: ADT_NB_Count | J14: ADT_SB_Count
G15: Motorcycles | H15: =H4/7 -> 19.285714 | I15: =I4/7 -> 9.8571429 | J15: =J4/7 -> 9.4285714
G16: Lights | H16: =H5/7 -> 11700.714 | I16: =I5/7 -> 6256.2857 | J16: =J5/7 -> 5444.4286
G17: SU_Truck | H17: =H6/7 -> 439.57143 | I17: =I6/7 -> 240 | J17: =J6/7 -> 199.57143
G18: Art_Trucks | H18: =H7/7 -> 87.857143 | I18: =I7/7 -> 32.571429 | J18: =J7/7 -> 55.285714
G19: Buses | H19: =H8/7 -> 38.714286 | I19: =I8/7 -> 18.714286 | J19: =J8/7 -> 20
G20: Bicycles | H20: =H9/7 -> 10.142857 | I20: =I9/7 -> 5.8571429 | J20: =J9/7 -> 4.2857143
G21: Spring_ADT | H21: =SUM(H15:H20) -> 12296.286 | I21: =SUM(I15:I20) -> 6563.2857 | J21: =SUM(J15:J20) -> 5733
