Workbook

Sheet ATR33_Raw_Data
A1: Summary
A2: Study Name | B2: ATR 33. NJ 147, N Wildwood Boulevard, West of the Old Wildwood Boulevard Jug Handle
A3: Project | B3: SJTPO: T-1030051: Data Collection Program
A4: Project Code | B4: T-1030051
A5: Channel Granularity | B5: By Lanes
A6: Bin Size | B6: 1 hour
A7: Time Zone | B7: America/New_York
A8: Start Time | B8: 46157
A9: End Time | B9: 46164
A10: Location | B10: SJTPO ATR 33
A11: Latitude and Longitude | B11: 39.032357,-74.821724
A13: PM Peak | B13: May 15 2026 2:15PM - 3:15 PM (0.960)
A14: PM Peak (WKND) | B14: May 16 2026 1:15PM - 2:15 PM (0.940)
A15: AM Peak (WKND) | B15: May 17 2026 10AM - 11 AM (0.864)
A16: Midday Peak (WKND) (Overall Peak Hour) | B16: May 17 2026 11:30AM - 12:30 PM (0.977)
A17: AM Peak | B17: May 21 2026 10AM - 11 AM (0.906)
A18: Midday Peak | B18: May 21 2026 1PM - 2 PM (0.914)
A19: Motorcycles
A20: Entry | B20: n/a | E20: n/a
A21: Direction | B21: Eastbound | E21: Westbound
A22: Start Time | B22: Lane 1 | C22: Lane 2 | D22: Lane 3 | E22: Lane 1 | F22: Lane 2 | H22: EB_Sum | I22: WB_Sum | K22: =SUM(H23:H1048576) -> 52349 | L22: =SUM(I23:I1048576) -> 49560 | M22: =SUM(K21:L22) -> 101909
A23: 46157 | B23: 0 | C23: 0 | D23: 0 | E23: 0 | F23: 0 | H23: =SUM(B23:D23) -> 0 | I23: =SUM(E23:F23) -> 0
A24: 46157.042 | B24: 0 | C24: 0 | D24: 0 | E24: 0 | F24: 0 | H24: =SUM(B24:D24) -> 0 | I24: =SUM(E24:F24) -> 0
A25: 46157.083 | B25: 0 | C25: 0 | D25: 0 | E25: 0 | F25: 0 | H25: =SUM(B25:D25) -> 0 | I25: =SUM(E25:F25) -> 0
A26: 46157.125 | B26: 0 | C26: 0 | D26: 0 | E26: 0 | F26: 0 | H26: =SUM(B26:D26) -> 0 | I26: =SUM(E26:F26) -> 0
A27: 46157.167 | B27: 0 | C27: 0 | D27: 0 | E27: 0 | F27: 0 | H27: =SUM(B27:D27) -> 0 | I27: =SUM(E27:F27) -> 0
A28: 46157.208 | B28: 0 | C28: 0 | D28: 0 | E28: 0 | F28: 0 | H28: =SUM(B28:D28) -> 0 | I28: =SUM(E28:F28) -> 0
A29: 46157.25 | B29: 0 | C29: 0 | D29: 0 | E29: 0 | F29: 0 | H29: =SUM(B29:D29) -> 0 | I29: =SUM(E29:F29) -> 0
A30: 46157.292 | B30: 0 | C30: 0 | D30: 0 | E30: 0 | F30: 0 | H30: =SUM(B30:D30) -> 0 | I30: =SUM(E30:F30) -> 0
A31: 46157.333 | B31: 0 | C31: 1 | D31: 0 | E31: 1 | F31: 0 | H31: =SUM(B31:D31) -> 1 | I31: =SUM(E31:F31) -> 1
A32: 46157.375 | B32: 0 | C32: 0 | D32: 0 | E32: 0 | F32: 0 | H32: =SUM(B32:D32) -> 0 | I32: =SUM(E32:F32) -> 0
A33: 46157.417 | B33: 0 | C33: 0 | D33: 0 | E33: 1 | F33: 0 | H33: =SUM(B33:D33) -> 0 | I33: =SUM(E33:F33) -> 1
A34: 46157.458 | B34: 0 | C34: 0 | D34: 0 | E34: 1 | F34: 0 | H34: =SUM(B34:D34) -> 0 | I34: =SUM(E34:F34) -> 1
... A190: 46163.958 | B190: 0 | C190: 0 | D190: 0 | E190: 0 | F190: 0 | H190: =SUM(B190:D190) -> 0 | I190: =SUM(E190:F190) -> 0
A191: Lights
A192: Entry | B192: n/a | E192: n/a
A193: Direction | B193: Eastbound | E193: Westbound
A194: Start Time | B194: Lane 1 | C194: Lane 2 | D194: Lane 3 | E194: Lane 1 | F194: Lane 2
A195: 46157 | B195: 7 | C195: 19 | D195: 4 | E195: 15 | F195: 2 | H195: =SUM(B195:D195) -> 30 | I195: =SUM(E195:F195) -> 17
A196: 46157.042 | B196: 0 | C196: 17 | D196: 1 | E196: 6 | F196: 5 | H196: =SUM(B196:D196) -> 18 | I196: =SUM(E196:F196) -> 11
A197: 46157.083 | B197: 6 | C197: 4 | D197: 0 | E197: 5 | F197: 1 | H197: =SUM(B197:D197) -> 10 | I197: =SUM(E197:F197) -> 6
A198: 46157.125 | B198: 0 | C198: 5 | D198: 2 | E198: 5 | F198: 0 | H198: =SUM(B198:D198) -> 7 | I198: =SUM(E198:F198) -> 5
A199: 46157.167 | B199: 5 | C199: 3 | D199: 0 | E199: 16 | F199: 7 | H199: =SUM(B199:D199) -> 8 | I199: =SUM(E199:F199) -> 23
A200: 46157.208 | B200: 0 | C200: 39 | D200: 7 | E200: 54 | F200: 12 | H200: =SUM(B200:D200) -> 46 | I200: =SUM(E200:F200) -> 66
A201: 46157.25 | B201: 0 | C201: 95 | D201: 20 | E201: 100 | F201: 27 | H201: =SUM(B201:D201) -> 115 | I201: =SUM(E201:F201) -> 127
A202: 46157.292 | B202: 7 | C202: 287 | D202: 104 | E202: 235 | F202: 84 | H202: =SUM(B202:D202) -> 398 | I202: =SUM(E202:F202) -> 319
A203: 46157.333 | B203: 4 | C203: 316 | D203: 128 | E203: 251 | F203: 87 | H203: =SUM(B203:D203) -> 448 | I203: =SUM(E203:F203) -> 338
A204: 46157.375 | B204: 6 | C204: 276 | D204: 109 | E204: 283 | F204: 117 | H204: =SUM(B204:D204) -> 391 | I204: =SUM(E204:F204) -> 400
A205: 46157.417 | B205: 4 | C205: 334 | D205: 115 | E205: 279 | F205: 138 | H205: =SUM(B205:D205) -> 453 | I205: =SUM(E205:F205) -> 417
A206: 46157.458 | B206: 5 | C206: 432 | D206: 172 | E206: 265 | F206: 150 | H206: =SUM(B206:D206) -> 609 | I206: =SUM(E206:F206) -> 415
... A362: 46163.958 | B362: 2 | C362: 212 | D362: 79 | E362: 58 | F362: 21 | H362: =SUM(B362:D362) -> 293 | I362: =SUM(E362:F362) -> 79
A363: Single-Unit Trucks
A364: Entry | B364: n/a | E364: n/a
A365: Direction | B365: Eastbound | E365: Westbound
A366: Start Time | B366: Lane 1 | C366: Lane 2 | D366: Lane 3 | E366: Lane 1 | F366: Lane 2
A367: 46157 | B367: 0 | C367: 0 | D367: 0 | E367: 0 | F367: 0 | H367: =SUM(B367:D367) -> 0 | I367: =SUM(E367:F367) -> 0
A368: 46157.042 | B368: 0 | C368: 0 | D368: 0 | E368: 0 | F368: 1 | H368: =SUM(B368:D368) -> 0 | I368: =SUM(E368:F368) -> 1
A369: 46157.083 | B369: 0 | C369: 0 | D369: 0 | E369: 1 | F369: 0 | H369: =SUM(B369:D369) -> 0 | I369: =SUM(E369:F369) -> 1
A370: 46157.125 | B370: 0 | C370: 0 | D370: 0 | E370: 0 | F370: 0 | H370: =SUM(B370:D370) -> 0 | I370: =SUM(E370:F370) -> 0
A371: 46157.167 | B371: 0 | C371: 0 | D371: 0 | E371: 0 | F371: 0 | H371: =SUM(B371:D371) -> 0 | I371: =SUM(E371:F371) -> 0
A372: 46157.208 | B372: 0 | C372: 0 | D372: 0 | E372: 0 | F372: 0 | H372: =SUM(B372:D372) -> 0 | I372: =SUM(E372:F372) -> 0
A373: 46157.25 | B373: 0 | C373: 4 | D373: 0 | E373: 1 | F373: 0 | H373: =SUM(B373:D373) -> 4 | I373: =SUM(E373:F373) -> 1
A374: 46157.292 | B374: 0 | C374: 16 | D374: 2 | E374: 4 | F374: 2 | H374: =SUM(B374:D374) -> 18 | I374: =SUM(E374:F374) -> 6
A375: 46157.333 | B375: 0 | C375: 27 | D375: 8 | E375: 6 | F375: 3 | H375: =SUM(B375:D375) -> 35 | I375: =SUM(E375:F375) -> 9
A376: 46157.375 | B376: 0 | C376: 34 | D376: 1 | E376: 15 | F376: 4 | H376: =SUM(B376:D376) -> 35 | I376: =SUM(E376:F376) -> 19
A377: 46157.417 | B377: 0 | C377: 16 | D377: 3 | E377: 24 | F377: 9 | H377: =SUM(B377:D377) -> 19 | I377: =SUM(E377:F377) -> 33
A378: 46157.458 | B378: 0 | C378: 10 | D378: 3 | E378: 14 | F378: 3 | H378: =SUM(B378:D378) -> 13 | I378: =SUM(E378:F378) -> 17
... A534: 46163.958 | B534: 0 | C534: 0 | D534: 0 | E534: 1 | F534: 0 | H534: =SUM(B534:D534) -> 0 | I534: =SUM(E534:F534) -> 1
A535: Articulated Trucks
A536: Entry | B536: n/a | E536: n/a
A537: Direction | B537: Eastbound | E537: Westbound
A538: Start Time | B538: Lane 1 | C538: Lane 2 | D538: Lane 3 | E538: Lane 1 | F538: Lane 2
A539: 46157 | B539: 0 | C539: 0 | D539: 0 | E539: 0 | F539: 0 | H539: =SUM(B539:D539) -> 0 | I539: =SUM(E539:F539) -> 0
A540: 46157.042 | B540: 0 | C540: 0 | D540: 0 | E540: 0 | F540: 0 | H540: =SUM(B540:D540) -> 0 | I540: =SUM(E540:F540) -> 0
A541: 46157.083 | B541: 0 | C541: 0 | D541: 0 | E541: 0 | F541: 0 | H541: =SUM(B541:D541) -> 0 | I541: =SUM(E541:F541) -> 0
A542: 46157.125 | B542: 0 | C542: 0 | D542: 0 | E542: 0 | F542: 0 | H542: =SUM(B542:D542) -> 0 | I542: =SUM(E542:F542) -> 0
A543: 46157.167 | B543: 0 | C543: 0 | D543: 0 | E543: 0 | F543: 0 | H543: =SUM(B543:D543) -> 0 | I543: =SUM(E543:F543) -> 0
A544: 46157.208 | B544: 0 | C544: 0 | D544: 0 | E544: 0 | F544: 0 | H544: =SUM(B544:D544) -> 0 | I544: =SUM(E544:F544) -> 0
A545: 46157.25 | B545: 0 | C545: 2 | D545: 0 | E545: 0 | F545: 0 | H545: =SUM(B545:D545) -> 2 | I545: =SUM(E545:F545) -> 0
A546: 46157.292 | B546: 0 | C546: 4 | D546: 0 | E546: 1 | F546: 0 | H546: =SUM(B546:D546) -> 4 | I546: =SUM(E546:F546) -> 1
A547: 46157.333 | B547: 0 | C547: 7 | D547: 1 | E547: 0 | F547: 0 | H547: =SUM(B547:D547) -> 8 | I547: =SUM(E547:F547) -> 0
A548: 46157.375 | B548: 0 | C548: 3 | D548: 0 | E548: 1 | F548: 0 | H548: =SUM(B548:D548) -> 3 | I548: =SUM(E548:F548) -> 1
A549: 46157.417 | B549: 0 | C549: 1 | D549: 0 | E549: 5 | F549: 2 | H549: =SUM(B549:D549) -> 1 | I549: =SUM(E549:F549) -> 7
A550: 46157.458 | B550: 0 | C550: 1 | D550: 0 | E550: 1 | F550: 0 | H550: =SUM(B550:D550) -> 1 | I550: =SUM(E550:F550) -> 1
... A706: 46163.958 | B706: 0 | C706: 0 | D706: 0 | E706: 0 | F706: 0 | H706: =SUM(B706:D706) -> 0 | I706: =SUM(E706:F706) -> 0
A707: Buses
A708: Entry | B708: n/a | E708: n/a
A709: Direction | B709: Eastbound | E709: Westbound
A710: Start Time | B710: Lane 1 | C710: Lane 2 | D710: Lane 3 | E710: Lane 1 | F710: Lane 2
A711: 46157 | B711: 0 | C711: 0 | D711: 0 | E711: 0 | F711: 0 | H711: =SUM(B711:D711) -> 0 | I711: =SUM(E711:F711) -> 0
A712: 46157.042 | B712: 0 | C712: 0 | D712: 0 | E712: 0 | F712: 0 | H712: =SUM(B712:D712) -> 0 | I712: =SUM(E712:F712) -> 0
A713: 46157.083 | B713: 0 | C713: 0 | D713: 0 | E713: 0 | F713: 0 | H713: =SUM(B713:D713) -> 0 | I713: =SUM(E713:F713) -> 0
A714: 46157.125 | B714: 0 | C714: 0 | D714: 0 | E714: 0 | F714: 0 | H714: =SUM(B714:D714) -> 0 | I714: =SUM(E714:F714) -> 0
A715: 46157.167 | B715: 0 | C715: 0 | D715: 0 | E715: 0 | F715: 0 | H715: =SUM(B715:D715) -> 0 | I715: =SUM(E715:F715) -> 0
A716: 46157.208 | B716: 0 | C716: 0 | D716: 0 | E716: 0 | F716: 0 | H716: =SUM(B716:D716) -> 0 | I716: =SUM(E716:F716) -> 0
A717: 46157.25 | B717: 0 | C717: 0 | D717: 0 | E717: 1 | F717: 0 | H717: =SUM(B717:D717) -> 0 | I717: =SUM(E717:F717) -> 1
A718: 46157.292 | B718: 0 | C718: 2 | D718: 0 | E718: 6 | F718: 0 | H718: =SUM(B718:D718) -> 2 | I718: =SUM(E718:F718) -> 6
A719: 46157.333 | B719: 0 | C719: 4 | D719: 1 | E719: 6 | F719: 0 | H719: =SUM(B719:D719) -> 5 | I719: =SUM(E719:F719) -> 6
A720: 46157.375 | B720: 0 | C720: 1 | D720: 1 | E720: 2 | F720: 1 | H720: =SUM(B720:D720) -> 2 | I720: =SUM(E720:F720) -> 3
A721: 46157.417 | B721: 0 | C721: 2 | D721: 0 | E721: 1 | F721: 1 | H721: =SUM(B721:D721) -> 2 | I721: =SUM(E721:F721) -> 2
...

Sheet ATR33_Raw_Clean
A1: Summary
A2: Study Name | B2: ATR 11. US 322, Black Horse Pike, 500 feet East of Palace Restaurant & Outfitters
A3: Project | B3: SJTPO: T-1030051: Data Collection Program
A4: Project Code | B4: T-1030051
A5: Channel Granularity | B5: By Lanes
A6: Bin Size | B6: 1 hour
A7: Time Zone | B7: America/New_York
A8: Start Time | B8: 46148
A9: End Time | B9: 46155
A10: Location | B10: SJTPO ATR 11
A11: Latitude and Longitude | B11: 39.512313,-74.776581
A13: Midday Peak | B13: May 08 2026 12:15PM - 1:15 PM (0.895)
A14: AM Peak (WKND) | B14: May 09 2026 9AM - 10 AM (0.943)
A15: Midday Peak (WKND) | B15: May 10 2026 12:15PM - 1:15 PM (0.917)
A16: PM Peak (WKND) | B16: May 10 2026 1PM - 2 PM (0.877)
A17: AM Peak | B17: May 12 2026 7:15AM - 8:15 AM (0.904)
A18: PM Peak (Overall Peak Hour) | B18: May 12 2026 4:30PM - 5:30 PM (0.953)
A22: Date | B22: EB_Counts | C22: WB_Counts | D22: Class | E22: EBWB_Counts | H22: EB Total | I22: WB Total | K22: EBWB Total
A23: 46148 | B23: {=ATR33_Raw_Data!H23:H190} -> 0 | C23: {=ATR33_Raw_Data!I23:I190} -> 0 | D23: Motorcycles | E23: =SUM(B23:C23) -> 0 | H23: =SUM(B23:B1030) -> 52349 | I23: =SUM(C23:C1030) -> 49560 | K23: =SUM(E23:E1030) -> 101909
A24: 46148.042 | B24: 0 | C24: 0 | D24: Motorcycles | E24: =SUM(B24:C24) -> 0
A25: 46148.083 | B25: 0 | C25: 0 | D25: Motorcycles | E25: =SUM(B25:C25) -> 0
A26: 46148.125 | B26: 0 | C26: 0 | D26: Motorcycles | E26: =SUM(B26:C26) -> 0
A27: 46148.167 | B27: 0 | C27: 0 | D27: Motorcycles | E27: =SUM(B27:C27) -> 0
A28: 46148.208 | B28: 0 | C28: 0 | D28: Motorcycles | E28: =SUM(B28:C28) -> 0
A29: 46148.25 | B29: 0 | C29: 0 | D29: Motorcycles | E29: =SUM(B29:C29) -> 0
A30: 46148.292 | B30: 0 | C30: 0 | D30: Motorcycles | E30: =SUM(B30:C30) -> 0
A31: 46148.333 | B31: 1 | C31: 1 | D31: Motorcycles | E31: =SUM(B31:C31) -> 2
A32: 46148.375 | B32: 0 | C32: 0 | D32: Motorcycles | E32: =SUM(B32:C32) -> 0
A33: 46148.417 | B33: 0 | C33: 1 | D33: Motorcycles | E33: =SUM(B33:C33) -> 1
A34: 46148.458 | B34: 0 | C34: 1 | D34: Motorcycles | E34: =SUM(B34:C34) -> 1
A35: 46148.5 | B35: 0 | C35: 0 | D35: Motorcycles | E35: =SUM(B35:C35) -> 0
... A190: 46154.958 | B190: 0 | C190: 0 | D190: Motorcycles | E190: =SUM(B190:C190) -> 0
A191: 46148 | B191: {=ATR33_Raw_Data!H195:H362} -> 30 | C191: {=ATR33_Raw_Data!I195:I362} -> 17 | D191: Lights | E191: =SUM(B191:C191) -> 47
A192: 46148.042 | B192: 18 | C192: 11 | D192: Lights | E192: =SUM(B192:C192) -> 29
A193: 46148.083 | B193: 10 | C193: 6 | D193: Lights | E193: =SUM(B193:C193) -> 16
A194: 46148.125 | B194: 7 | C194: 5 | D194: Lights | E194: =SUM(B194:C194) -> 12
A195: 46148.167 | B195: 8 | C195: 23 | D195: Lights | E195: =SUM(B195:C195) -> 31
A196: 46148.208 | B196: 46 | C196: 66 | D196: Lights | E196: =SUM(B196:C196) -> 112
A197: 46148.25 | B197: 115 | C197: 127 | D197: Lights | E197: =SUM(B197:C197) -> 242
A198: 46148.292 | B198: 398 | C198: 319 | D198: Lights | E198: =SUM(B198:C198) -> 717
A199: 46148.333 | B199: 448 | C199: 338 | D199: Lights | E199: =SUM(B199:C199) -> 786
A200: 46148.375 | B200: 391 | C200: 400 | D200: Lights | E200: =SUM(B200:C200) -> 791
A201: 46148.417 | B201: 453 | C201: 417 | D201: Lights | E201: =SUM(B201:C201) -> 870
A202: 46148.458 | B202: 609 | C202: 415 | D202: Lights | E202: =SUM(B202:C202) -> 1024
A203: 46148.5 | B203: 581 | C203: 465 | D203: Lights | E203: =SUM(B203:C203) -> 1046
... A358: 46154.958 | B358: 293 | C358: 79 | D358: Lights | E358: =SUM(B358:C358) -> 372
A359: 46148 | B359: {=ATR33_Raw_Data!H367:H534} -> 0 | C359: {=ATR33_Raw_Data!I367:I534} -> 0 | D359: SU_Truck | E359: =SUM(B359:C359) -> 0
A360: 46148.042 | B360: 0 | C360: 1 | D360: SU_Truck | E360: =SUM(B360:C360) -> 1
A361: 46148.083 | B361: 0 | C361: 1 | D361: SU_Truck | E361: =SUM(B361:C361) -> 1
A362: 46148.125 | B362: 0 | C362: 0 | D362: SU_Truck | E362: =SUM(B362:C362) -> 0
A363: 46148.167 | B363: 0 | C363: 0 | D363: SU_Truck | E363: =SUM(B363:C363) -> 0
A364: 46148.208 | B364: 0 | C364: 0 | D364: SU_Truck | E364: =SUM(B364:C364) -> 0
A365: 46148.25 | B365: 4 | C365: 1 | D365: SU_Truck | E365: =SUM(B365:C365) -> 5
A366: 46148.292 | B366: 18 | C366: 6 | D366: SU_Truck | E366: =SUM(B366:C366) -> 24
A367: 46148.333 | B367: 35 | C367: 9 | D367: SU_Truck | E367: =SUM(B367:C367) -> 44
A368: 46148.375 | B368: 35 | C368: 19 | D368: SU_Truck | E368: =SUM(B368:C368) -> 54
A369: 46148.417 | B369: 19 | C369: 33 | D369: SU_Truck | E369: =SUM(B369:C369) -> 52
A370: 46148.458 | B370: 13 | C370: 17 | D370: SU_Truck | E370: =SUM(B370:C370) -> 30
A371: 46148.5 | B371: 18 | C371: 13 | D371: SU_Truck | E371: =SUM(B371:C371) -> 31
... A526: 46154.958 | B526: 0 | C526: 1 | D526: SU_Truck | E526: =SUM(B526:C526) -> 1
A527: 46148 | B527: {=ATR33_Raw_Data!H539:H706} -> 0 | C527: {=ATR33_Raw_Data!I539:I706} -> 0 | D527: Art_Trucks | E527: =SUM(B527:C527) -> 0
A528: 46148.042 | B528: 0 | C528: 0 | D528: Art_Trucks | E528: =SUM(B528:C528) -> 0
A529: 46148.083 | B529: 0 | C529: 0 | D529: Art_Trucks | E529: =SUM(B529:C529) -> 0
A530: 46148.125 | B530: 0 | C530: 0 | D530: Art_Trucks | E530: =SUM(B530:C530) -> 0
A531: 46148.167 | B531: 0 | C531: 0 | D531: Art_Trucks | E531: =SUM(B531:C531) -> 0
A532: 46148.208 | B532: 0 | C532: 0 | D532: Art_Trucks | E532: =SUM(B532:C532) -> 0
A533: 46148.25 | B533: 2 | C533: 0 | D533: Art_Trucks | E533: =SUM(B533:C533) -> 2
A534: 46148.292 | B534: 4 | C534: 1 | D534: Art_Trucks | E534: =SUM(B534:C534) -> 5
A535: 46148.333 | B535: 8 | C535: 0 | D535: Art_Trucks | E535: =SUM(B535:C535) -> 8
A536: 46148.375 | B536: 3 | C536: 1 | D536: Art_Trucks | E536: =SUM(B536:C536) -> 4
A537: 46148.417 | B537: 1 | C537: 7 | D537: Art_Trucks | E537: =SUM(B537:C537) -> 8
A538: 46148.458 | B538: 1 | C538: 1 | D538: Art_Trucks | E538: =SUM(B538:C538) -> 2
A539: 46148.5 | B539: 1 | C539: 2 | D539: Art_Trucks | E539: =SUM(B539:C539) -> 3
... A694: 46154.958 | B694: 0 | C694: 0 | D694: Art_Trucks | E694: =SUM(B694:C694) -> 0
A695: 46148 | B695: {=ATR33_Raw_Data!H711:H878} -> 0 | C695: {=ATR33_Raw_Data!I711:I878} -> 0 | D695: Buses | E695: =SUM(B695:C695) -> 0
A696: 46148.042 | B696: 0 | C696: 0 | D696: Buses | E696: =SUM(B696:C696) -> 0
A697: 46148.083 | B697: 0 | C697: 0 | D697: Buses | E697: =SUM(B697:C697) -> 0
A698: 46148.125 | B698: 0 | C698: 0 | D698: Buses | E698: =SUM(B698:C698) -> 0
A699: 46148.167 | B699: 0 | C699: 0 | D699: Buses | E699: =SUM(B699:C699) -> 0
A700: 46148.208 | B700: 0 | C700: 0 | D700: Buses | E700: =SUM(B700:C700) -> 0
A701: 46148.25 | B701: 0 | C701: 1 | D701: Buses | E701: =SUM(B701:C701) -> 1
A702: 46148.292 | B702: 2 | C702: 6 | D702: Buses | E702: =SUM(B702:C702) -> 8
A703: 46148.333 | B703: 5 | C703: 6 | D703: Buses | E703: =SUM(B703:C703) -> 11
A704: 46148.375 | B704: 2 | C704: 3 | D704: Buses | E704: =SUM(B704:C704) -> 5
A705: 46148.417 | B705: 2 | C705: 2 | D705: Buses | E705: =SUM(B705:C705) -> 4
A706: 46148.458 | B706: 1 | C706: 3 | D706: Buses | E706: =SUM(B706:C706) -> 4
A707: 46148.5 | B707: 1 | C707: 2 | D707: Buses | E707: =SUM(B707:C707) -> 3
... A862: 46154.958 | B862: 0 | C862: 0 | D862: Buses | E862: =SUM(B862:C862) -> 0
A863: 46148 | B863: {=ATR33_Raw_Data!H883:H1050} -> 0 | C863: {=ATR33_Raw_Data!I883:I1050} -> 0 | D863: Bicycles | E863: =SUM(B863:C863) -> 0
A864: 46148.042 | B864: 0 | C864: 0 | D864: Bicycles | E864: =SUM(B864:C864) -> 0
A865: 46148.083 | B865: 0 | C865: 0 | D865: Bicycles | E865: =SUM(B865:C865) -> 0
A866: 46148.125 | B866: 0 | C866: 0 | D866: Bicycles | E866: =SUM(B866:C866) -> 0
A867: 46148.167 | B867: 0 | C867: 0 | D867: Bicycles | E867: =SUM(B867:C867) -> 0
A868: 46148.208 | B868: 0 | C868: 0 | D868: Bicycles | E868: =SUM(B868:C868) -> 0
A869: 46148.25 | B869: 0 | C869: 0 | D869: Bicycles | E869: =SUM(B869:C869) -> 0
A870: 46148.292 | B870: 0 | C870: 0 | D870: Bicycles | E870: =SUM(B870:C870) -> 0
A871: 46148.333 | B871: 0 | C871: 0 | D871: Bicycles | E871: =SUM(B871:C871) -> 0
A872: 46148.375 | B872: 2 | C872: 0 | D872: Bicycles | E872: =SUM(B872:C872) -> 2
A873: 46148.417 | B873: 0 | C873: 0 | D873: Bicycles | E873: =SUM(B873:C873) -> 0
A874: 46148.458 | B874: 0 | C874: 2 | D874: Bicycles | E874: =SUM(B874:C874) -> 2
...

Sheet ATR33_ADT_by_Class
A2: Pivot Table | G2: Count Sum by Class | M2: %Count by Class
A3: Class | B3: Sum of EBWB_Counts | C3: Sum of EB_Counts | D3: Sum of WB_Counts | G3: Class | H3: Sum_EBWB_Counts | I3: Sum_EB_Count | J3: Sum_WB_Count | M3: Class | N3: EBWB_Counts | O3: EB_Count | P3: WB_Count
A4: Motorcycles | B4: 246 | C4: 114 | D4: 132 | G4: Motorcycles | H4: 246 | I4: 114 | J4: 132 | M4: Motorcycles | N4: =(H4/$H$10) -> 0.0024139183 | O4: =(I4/$I$10) -> 0.002177692 | P4: =(J4/$J$10) -> 0.0026634383
A5: Lights | B5: 98835 | C5: 50806 | D5: 48029 | G5: Lights | H5: 98835 | I5: 50806 | J5: 48029 | M5: Lights | N5: =(H5/$H$10) -> 0.96983583 | O5: =(I5/$I$10) -> 0.97052475 | P5: =(J5/$J$10) -> 0.96910815
A6: SU_Truck | B6: 2036 | C6: 1049 | D6: 987 | G6: SU_Truck | H6: 2036 | I6: 1049 | J6: 987 | M6: SU_Truck | N6: =(H6/$H$10) -> 0.019978608 | O6: =(I6/$I$10) -> 0.020038587 | P6: =(J6/$J$10) -> 0.019915254
A7: Art_Trucks | B7: 309 | C7: 171 | D7: 138 | G7: Art_Trucks | H7: 309 | I7: 171 | J7: 138 | M7: Art_Trucks | N7: =(H7/$H$10) -> 0.0030321169 | O7: =(I7/$I$10) -> 0.003266538 | P7: =(J7/$J$10) -> 0.0027845036
A8: Buses | B8: 368 | C8: 163 | D8: 205 | G8: Buses | H8: 368 | I8: 163 | J8: 205 | M8: Buses | N8: =(H8/$H$10) -> 0.0036110648 | O8: =(I8/$I$10) -> 0.0031137175 | P8: =(J8/$J$10) -> 0.0041364003
A9: Bicycles | B9: 115 | C9: 46 | D9: 69 | G9: Bicycles | H9: 115 | I9: 46 | J9: 69 | M9: Bicycles | N9: =(H9/$H$10) -> 0.0011284577 | O9: =(I9/$I$10) -> 0.00087871784 | P9: =(J9/$J$10) -> 0.0013922518
A10: Grand Total | B10: 101909 | C10: 52349 | D10: 49560 | G10: Grand Total | H10: 101909 | I10: 52349 | J10: 49560 | M10: Grand Total | N10: =SUM(N4:N9) -> 1 | O10: =SUM(O4:O9) -> 1 | P10: =SUM(P4:P9) -> 1
G13: ADT by Class
G14: Class | H14: ADT_EBWB_Counts | I14: ADT_EB_Count | J14: ADT_WB_Count
G15: Motorcycles | H15: =H4/7 -> 35.142857 | I15: =I4/7 -> 16.285714 | J15: =J4/7 -> 18.857143
G16: Lights | H16: =H5/7 -> 14119.286 | I16: =I5/7 -> 7258 | J16: =J5/7 -> 6861.2857
G17: SU_Truck | H17: =H6/7 -> 290.85714 | I17: =I6/7 -> 149.85714 | J17: =J6/7 -> 141
G18: Art_Trucks | H18: =H7/7 -> 44.142857 | I18: =I7/7 -> 24.428571 | J18: =J7/7 -> 19.714286
G19: Buses | H19: =H8/7 -> 52.571429 | I19: =I8/7 -> 23.285714 | J19: =J8/7 -> 29.285714
G20: Bicycles | H20: =H9/7 -> 16.428571 | I20: =I9/7 -> 6.5714286 | J20: =J9/7 -> 9.8571429
G21: Spring_ADT | H21: =SUM(H15:H20) -> 14558.429 | I21: =SUM(I15:I20) -> 7478.4286 | J21: =SUM(J15:J20) -> 7080
