Workbook

Sheet ATR38_Raw_Data
A1: Summary
A2: Study Name | B2: ATR 38. Route 40 /322, between Frankfort Court & Toulon Avenue
A3: Project | B3: SJTPO: T-1030051: Data Collection Program
A4: Project Code | B4: T-1030051
A5: Channel Granularity | B5: By Lanes
A6: Bin Size | B6: 1 hour
A7: Time Zone | B7: America/New_York
A8: Start Time | B8: 46149
A9: End Time | B9: 46156
A10: Location | B10: SJTPO ATR 38
A11: Latitude and Longitude | B11: 39.387403,-74.517202
A13: AM Peak (WKND) | B13: May 09 2026 10AM - 11 AM (0.928)
A14: Midday Peak (WKND) | B14: May 09 2026 1PM - 2 PM (0.941)
A15: PM Peak (WKND) | B15: May 09 2026 2:30PM - 3:30 PM (0.893)
A16: AM Peak | B16: May 12 2026 7:45AM - 8:45 AM (0.911)
A17: PM Peak (Overall Peak Hour) | B17: May 12 2026 4:15PM - 5:15 PM (0.938)
A18: Midday Peak | B18: May 13 2026 12:30PM - 1:30 PM (0.957)
A19: Motorcycles
A20: Entry | B20: n/a | E20: n/a
A21: Direction | B21: Eastbound | E21: Westbound
A22: Start Time | B22: Lane 1 | C22: Lane 2 | D22: Lane 3 | E22: Lane 1 | F22: Lane 2 | G22: Lane 3 | H22: EB_Sum | I22: WB_Sum
A23: 46149 | B23: 0 | C23: 0 | D23: 0 | E23: 0 | F23: 0 | G23: 0 | H23: =SUM(B23:D23) -> 0 | I23: =SUM(E23:G23) -> 0
A24: 46149.042 | B24: 0 | C24: 0 | D24: 0 | E24: 0 | F24: 0 | G24: 0 | H24: =SUM(B24:D24) -> 0 | I24: =SUM(E24:G24) -> 0
A25: 46149.083 | B25: 0 | C25: 0 | D25: 0 | E25: 0 | F25: 0 | G25: 0 | H25: =SUM(B25:D25) -> 0 | I25: =SUM(E25:G25) -> 0
A26: 46149.125 | B26: 0 | C26: 0 | D26: 0 | E26: 0 | F26: 0 | G26: 0 | H26: =SUM(B26:D26) -> 0 | I26: =SUM(E26:G26) -> 0
A27: 46149.167 | B27: 0 | C27: 0 | D27: 0 | E27: 0 | F27: 0 | G27: 0 | H27: =SUM(B27:D27) -> 0 | I27: =SUM(E27:G27) -> 0
A28: 46149.208 | B28: 0 | C28: 0 | D28: 0 | E28: 0 | F28: 0 | G28: 0 | H28: =SUM(B28:D28) -> 0 | I28: =SUM(E28:G28) -> 0
A29: 46149.25 | B29: 1 | C29: 1 | D29: 0 | E29: 0 | F29: 0 | G29: 0 | H29: =SUM(B29:D29) -> 2 | I29: =SUM(E29:G29) -> 0
A30: 46149.292 | B30: 0 | C30: 0 | D30: 0 | E30: 0 | F30: 0 | G30: 0 | H30: =SUM(B30:D30) -> 0 | I30: =SUM(E30:G30) -> 0
A31: 46149.333 | B31: 0 | C31: 0 | D31: 0 | E31: 0 | F31: 0 | G31: 0 | H31: =SUM(B31:D31) -> 0 | I31: =SUM(E31:G31) -> 0
A32: 46149.375 | B32: 0 | C32: 0 | D32: 1 | E32: 0 | F32: 0 | G32: 0 | H32: =SUM(B32:D32) -> 1 | I32: =SUM(E32:G32) -> 0
A33: 46149.417 | B33: 0 | C33: 1 | D33: 0 | E33: 1 | F33: 0 | G33: 0 | H33: =SUM(B33:D33) -> 1 | I33: =SUM(E33:G33) -> 1
A34: 46149.458 | B34: 0 | C34: 0 | D34: 0 | E34: 0 | F34: 0 | G34: 0 | H34: =SUM(B34:D34) -> 0 | I34: =SUM(E34:G34) -> 0
... A190: 46155.958 | B190: 0 | C190: 0 | D190: 0 | E190: 0 | F190: 0 | G190: 0 | H190: =SUM(B190:D190) -> 0 | I190: =SUM(E190:G190) -> 0
A191: Lights
A192: Entry | B192: n/a | E192: n/a
A193: Direction | B193: Eastbound | E193: Westbound
A194: Start Time | B194: Lane 1 | C194: Lane 2 | D194: Lane 3 | E194: Lane 1 | F194: Lane 2 | G194: Lane 3
A195: 46149 | B195: 40 | C195: 70 | D195: 3 | E195: 93 | F195: 79 | G195: 1 | H195: =SUM(B195:D195) -> 113 | I195: =SUM(E195:G195) -> 173
A196: 46149.042 | B196: 21 | C196: 35 | D196: 4 | E196: 72 | F196: 32 | G196: 1 | H196: =SUM(B196:D196) -> 60 | I196: =SUM(E196:G196) -> 105
A197: 46149.083 | B197: 10 | C197: 27 | D197: 3 | E197: 33 | F197: 47 | G197: 0 | H197: =SUM(B197:D197) -> 40 | I197: =SUM(E197:G197) -> 80
A198: 46149.125 | B198: 16 | C198: 41 | D198: 0 | E198: 37 | F198: 51 | G198: 0 | H198: =SUM(B198:D198) -> 57 | I198: =SUM(E198:G198) -> 88
A199: 46149.167 | B199: 18 | C199: 33 | D199: 5 | E199: 55 | F199: 75 | G199: 0 | H199: =SUM(B199:D199) -> 56 | I199: =SUM(E199:G199) -> 130
A200: 46149.208 | B200: 33 | C200: 82 | D200: 6 | E200: 86 | F200: 83 | G200: 1 | H200: =SUM(B200:D200) -> 121 | I200: =SUM(E200:G200) -> 170
A201: 46149.25 | B201: 163 | C201: 289 | D201: 6 | E201: 182 | F201: 209 | G201: 4 | H201: =SUM(B201:D201) -> 458 | I201: =SUM(E201:G201) -> 395
A202: 46149.292 | B202: 327 | C202: 532 | D202: 11 | E202: 309 | F202: 358 | G202: 3 | H202: =SUM(B202:D202) -> 870 | I202: =SUM(E202:G202) -> 670
A203: 46149.333 | B203: 294 | C203: 483 | D203: 8 | E203: 352 | F203: 429 | G203: 7 | H203: =SUM(B203:D203) -> 785 | I203: =SUM(E203:G203) -> 788
A204: 46149.375 | B204: 283 | C204: 398 | D204: 6 | E204: 301 | F204: 363 | G204: 3 | H204: =SUM(B204:D204) -> 687 | I204: =SUM(E204:G204) -> 667
A205: 46149.417 | B205: 272 | C205: 414 | D205: 4 | E205: 274 | F205: 395 | G205: 3 | H205: =SUM(B205:D205) -> 690 | I205: =SUM(E205:G205) -> 672
A206: 46149.458 | B206: 266 | C206: 412 | D206: 3 | E206: 349 | F206: 398 | G206: 1 | H206: =SUM(B206:D206) -> 681 | I206: =SUM(E206:G206) -> 748
... A362: 46155.958 | B362: 75 | C362: 143 | D362: 6 | E362: 138 | F362: 115 | G362: 1 | H362: =SUM(B362:D362) -> 224 | I362: =SUM(E362:G362) -> 254
A363: Single-Unit Trucks
A364: Entry | B364: n/a | E364: n/a
A365: Direction | B365: Eastbound | E365: Westbound
A366: Start Time | B366: Lane 1 | C366: Lane 2 | D366: Lane 3 | E366: Lane 1 | F366: Lane 2 | G366: Lane 3
A367: 46149 | B367: 0 | C367: 0 | D367: 0 | E367: 0 | F367: 1 | G367: 0 | H367: =SUM(B367:D367) -> 0 | I367: =SUM(E367:G367) -> 1
A368: 46149.042 | B368: 0 | C368: 0 | D368: 0 | E368: 0 | F368: 0 | G368: 0 | H368: =SUM(B368:D368) -> 0 | I368: =SUM(E368:G368) -> 0
A369: 46149.083 | B369: 1 | C369: 1 | D369: 0 | E369: 1 | F369: 0 | G369: 0 | H369: =SUM(B369:D369) -> 2 | I369: =SUM(E369:G369) -> 1
A370: 46149.125 | B370: 0 | C370: 2 | D370: 0 | E370: 1 | F370: 1 | G370: 0 | H370: =SUM(B370:D370) -> 2 | I370: =SUM(E370:G370) -> 2
A371: 46149.167 | B371: 1 | C371: 2 | D371: 0 | E371: 1 | F371: 0 | G371: 0 | H371: =SUM(B371:D371) -> 3 | I371: =SUM(E371:G371) -> 1
A372: 46149.208 | B372: 1 | C372: 4 | D372: 0 | E372: 0 | F372: 0 | G372: 0 | H372: =SUM(B372:D372) -> 5 | I372: =SUM(E372:G372) -> 0
A373: 46149.25 | B373: 7 | C373: 0 | D373: 0 | E373: 1 | F373: 0 | G373: 0 | H373: =SUM(B373:D373) -> 7 | I373: =SUM(E373:G373) -> 1
A374: 46149.292 | B374: 19 | C374: 5 | D374: 0 | E374: 4 | F374: 0 | G374: 0 | H374: =SUM(B374:D374) -> 24 | I374: =SUM(E374:G374) -> 4
A375: 46149.333 | B375: 22 | C375: 3 | D375: 0 | E375: 8 | F375: 2 | G375: 0 | H375: =SUM(B375:D375) -> 25 | I375: =SUM(E375:G375) -> 10
A376: 46149.375 | B376: 19 | C376: 6 | D376: 0 | E376: 19 | F376: 1 | G376: 0 | H376: =SUM(B376:D376) -> 25 | I376: =SUM(E376:G376) -> 20
A377: 46149.417 | B377: 19 | C377: 10 | D377: 0 | E377: 25 | F377: 9 | G377: 0 | H377: =SUM(B377:D377) -> 29 | I377: =SUM(E377:G377) -> 34
A378: 46149.458 | B378: 13 | C378: 13 | D378: 0 | E378: 17 | F378: 3 | G378: 0 | H378: =SUM(B378:D378) -> 26 | I378: =SUM(E378:G378) -> 20
... A534: 46155.958 | B534: 0 | C534: 0 | D534: 0 | E534: 0 | F534: 0 | G534: 0 | H534: =SUM(B534:D534) -> 0 | I534: =SUM(E534:G534) -> 0
A535: Articulated Trucks
A536: Entry | B536: n/a | E536: n/a
A537: Direction | B537: Eastbound | E537: Westbound
A538: Start Time | B538: Lane 1 | C538: Lane 2 | D538: Lane 3 | E538: Lane 1 | F538: Lane 2 | G538: Lane 3
A539: 46149 | B539: 0 | C539: 0 | D539: 0 | E539: 0 | F539: 0 | G539: 0 | H539: =SUM(B539:D539) -> 0 | I539: =SUM(E539:G539) -> 0
A540: 46149.042 | B540: 0 | C540: 0 | D540: 0 | E540: 0 | F540: 0 | G540: 0 | H540: =SUM(B540:D540) -> 0 | I540: =SUM(E540:G540) -> 0
A541: 46149.083 | B541: 0 | C541: 0 | D541: 0 | E541: 0 | F541: 0 | G541: 0 | H541: =SUM(B541:D541) -> 0 | I541: =SUM(E541:G541) -> 0
A542: 46149.125 | B542: 0 | C542: 0 | D542: 0 | E542: 0 | F542: 0 | G542: 0 | H542: =SUM(B542:D542) -> 0 | I542: =SUM(E542:G542) -> 0
A543: 46149.167 | B543: 0 | C543: 0 | D543: 0 | E543: 0 | F543: 0 | G543: 0 | H543: =SUM(B543:D543) -> 0 | I543: =SUM(E543:G543) -> 0
A544: 46149.208 | B544: 1 | C544: 0 | D544: 0 | E544: 0 | F544: 0 | G544: 0 | H544: =SUM(B544:D544) -> 1 | I544: =SUM(E544:G544) -> 0
A545: 46149.25 | B545: 1 | C545: 0 | D545: 0 | E545: 1 | F545: 1 | G545: 0 | H545: =SUM(B545:D545) -> 1 | I545: =SUM(E545:G545) -> 2
A546: 46149.292 | B546: 0 | C546: 0 | D546: 0 | E546: 1 | F546: 1 | G546: 0 | H546: =SUM(B546:D546) -> 0 | I546: =SUM(E546:G546) -> 2
A547: 46149.333 | B547: 7 | C547: 0 | D547: 0 | E547: 4 | F547: 1 | G547: 0 | H547: =SUM(B547:D547) -> 7 | I547: =SUM(E547:G547) -> 5
A548: 46149.375 | B548: 1 | C548: 0 | D548: 0 | E548: 0 | F548: 0 | G548: 0 | H548: =SUM(B548:D548) -> 1 | I548: =SUM(E548:G548) -> 0
A549: 46149.417 | B549: 1 | C549: 0 | D549: 0 | E549: 2 | F549: 0 | G549: 0 | H549: =SUM(B549:D549) -> 1 | I549: =SUM(E549:G549) -> 2
A550: 46149.458 | B550: 5 | C550: 0 | D550: 0 | E550: 3 | F550: 3 | G550: 0 | H550: =SUM(B550:D550) -> 5 | I550: =SUM(E550:G550) -> 6
... A706: 46155.958 | B706: 0 | C706: 0 | D706: 0 | E706: 0 | F706: 0 | G706: 0 | H706: =SUM(B706:D706) -> 0 | I706: =SUM(E706:G706) -> 0
A707: Buses
A708: Entry | B708: n/a | E708: n/a
A709: Direction | B709: Eastbound | E709: Westbound
A710: Start Time | B710: Lane 1 | C710: Lane 2 | D710: Lane 3 | E710: Lane 1 | F710: Lane 2 | G710: Lane 3
A711: 46149 | B711: 2 | C711: 0 | D711: 0 | E711: 4 | F711: 0 | G711: 0 | H711: =SUM(B711:D711) -> 2 | I711: =SUM(E711:G711) -> 4
A712: 46149.042 | B712: 2 | C712: 0 | D712: 0 | E712: 2 | F712: 0 | G712: 0 | H712: =SUM(B712:D712) -> 2 | I712: =SUM(E712:G712) -> 2
A713: 46149.083 | B713: 1 | C713: 0 | D713: 0 | E713: 1 | F713: 0 | G713: 0 | H713: =SUM(B713:D713) -> 1 | I713: =SUM(E713:G713) -> 1
A714: 46149.125 | B714: 1 | C714: 0 | D714: 0 | E714: 2 | F714: 0 | G714: 0 | H714: =SUM(B714:D714) -> 1 | I714: =SUM(E714:G714) -> 2
A715: 46149.167 | B715: 1 | C715: 0 | D715: 0 | E715: 2 | F715: 0 | G715: 0 | H715: =SUM(B715:D715) -> 1 | I715: =SUM(E715:G715) -> 2
A716: 46149.208 | B716: 2 | C716: 1 | D716: 0 | E716: 3 | F716: 0 | G716: 0 | H716: =SUM(B716:D716) -> 3 | I716: =SUM(E716:G716) -> 3
A717: 46149.25 | B717: 13 | C717: 5 | D717: 0 | E717: 12 | F717: 3 | G717: 0 | H717: =SUM(B717:D717) -> 18 | I717: =SUM(E717:G717) -> 15
A718: 46149.292 | B718: 9 | C718: 3 | D718: 0 | E718: 18 | F718: 4 | G718: 0 | H718: =SUM(B718:D718) -> 12 | I718: =SUM(E718:G718) -> 22
A719: 46149.333 | B719: 4 | C719: 2 | D719: 1 | E719: 20 | F719: 4 | G719: 0 | H719: =SUM(B719:D719) -> 7 | I719: =SUM(E719:G719) -> 24
A720: 46149.375 | B720: 6 | C720: 5 | D720: 0 | E720: 3 | F720: 2 | G720: 0 | H720: =SUM(B720:D720) -> 11 | I720: =SUM(E720:G720) -> 5
A721: 46149.417 | B721: 5 | C721: 1 | D721: 0 | E721: 2 | F721: 5 | G721: 0 | H721: =SUM(B721:D721) -> 6 | I721: =SUM(E721:G721) -> 7
...

Sheet ATR38_Raw_Clean
A1: Summary
A2: Study Name | B2: ATR 36. NJ 52, Howard South Stanton Memorial
A3: Project | B3: SJTPO: T-1030051: Data Collection Program
A4: Project Code | B4: T-1030051
A5: Channel Granularity | B5: By Lanes
A6: Bin Size | B6: 1 hour
A7: Time Zone | B7: America/New_York
A8: Start Time | B8: 46148
A9: End Time | B9: 46154.999
A10: Location | B10: SJTPO ATR 36
A11: Latitude and Longitude | B11: 39.298667,-74.59052
A13: AM Peak | B13: May 08 2026 8:15AM - 9:15 AM (0.955)
A14: Midday Peak | B14: May 08 2026 11:45AM - 12:45 PM (0.941)
A15: PM Peak | B15: May 08 2026 2:45PM - 3:45 PM (0.970)
A16: AM Peak (WKND) | B16: May 10 2026 10AM - 11 AM (0.883)
A17: Midday Peak (WKND) (Overall Peak Hour) | B17: May 10 2026 12:15PM - 1:15 PM (0.955)
A18: PM Peak (WKND) | B18: May 10 2026 1PM - 2 PM (0.948)
A22: Date | B22: EB_Counts | C22: WB_Counts | D22: Class | E22: EBWB_Counts | H22: EB Total | I22: WB Total | K22: EBWB Total
A23: 46149 | B23: {=ATR38_Raw_Data!H23:H190} -> 0 | C23: =ATR38_Raw_Data!I23 -> 0 | D23: Motorcycles | E23: =SUM(B23:C23) -> 0 | H23: =SUM(B23:B1030) -> 92656 | I23: =SUM(C23:C1030) -> 96832 | K23: =SUM(E23:E1030) -> 189488
A24: 46149.042 | B24: 0 | C24: =ATR38_Raw_Data!I24 -> 0 | D24: Motorcycles | E24: =SUM(B24:C24) -> 0
A25: 46149.083 | B25: 0 | C25: =ATR38_Raw_Data!I25 -> 0 | D25: Motorcycles | E25: =SUM(B25:C25) -> 0
A26: 46149.125 | B26: 0 | C26: =ATR38_Raw_Data!I26 -> 0 | D26: Motorcycles | E26: =SUM(B26:C26) -> 0
A27: 46149.167 | B27: 0 | C27: =ATR38_Raw_Data!I27 -> 0 | D27: Motorcycles | E27: =SUM(B27:C27) -> 0
A28: 46149.208 | B28: 0 | C28: =ATR38_Raw_Data!I28 -> 0 | D28: Motorcycles | E28: =SUM(B28:C28) -> 0
A29: 46149.25 | B29: 2 | C29: =ATR38_Raw_Data!I29 -> 0 | D29: Motorcycles | E29: =SUM(B29:C29) -> 2
A30: 46149.292 | B30: 0 | C30: =ATR38_Raw_Data!I30 -> 0 | D30: Motorcycles | E30: =SUM(B30:C30) -> 0
A31: 46149.333 | B31: 0 | C31: =ATR38_Raw_Data!I31 -> 0 | D31: Motorcycles | E31: =SUM(B31:C31) -> 0
A32: 46149.375 | B32: 1 | C32: =ATR38_Raw_Data!I32 -> 0 | D32: Motorcycles | E32: =SUM(B32:C32) -> 1
A33: 46149.417 | B33: 1 | C33: =ATR38_Raw_Data!I33 -> 1 | D33: Motorcycles | E33: =SUM(B33:C33) -> 2
A34: 46149.458 | B34: 0 | C34: =ATR38_Raw_Data!I34 -> 0 | D34: Motorcycles | E34: =SUM(B34:C34) -> 0
A35: 46149.5 | B35: 1 | C35: =ATR38_Raw_Data!I35 -> 0 | D35: Motorcycles | E35: =SUM(B35:C35) -> 1
... A190: 46155.958 | B190: 0 | C190: =ATR38_Raw_Data!I190 -> 0 | D190: Motorcycles | E190: =SUM(B190:C190) -> 0
A191: 46149 | B191: =ATR38_Raw_Data!H195 -> 113 | C191: =ATR38_Raw_Data!I195 -> 173 | D191: Lights | E191: =SUM(B191:C191) -> 286
A192: 46149.042 | B192: =ATR38_Raw_Data!H196 -> 60 | C192: =ATR38_Raw_Data!I196 -> 105 | D192: Lights | E192: =SUM(B192:C192) -> 165
A193: 46149.083 | B193: =ATR38_Raw_Data!H197 -> 40 | C193: =ATR38_Raw_Data!I197 -> 80 | D193: Lights | E193: =SUM(B193:C193) -> 120
A194: 46149.125 | B194: =ATR38_Raw_Data!H198 -> 57 | C194: =ATR38_Raw_Data!I198 -> 88 | D194: Lights | E194: =SUM(B194:C194) -> 145
A195: 46149.167 | B195: =ATR38_Raw_Data!H199 -> 56 | C195: =ATR38_Raw_Data!I199 -> 130 | D195: Lights | E195: =SUM(B195:C195) -> 186
A196: 46149.208 | B196: =ATR38_Raw_Data!H200 -> 121 | C196: =ATR38_Raw_Data!I200 -> 170 | D196: Lights | E196: =SUM(B196:C196) -> 291
A197: 46149.25 | B197: =ATR38_Raw_Data!H201 -> 458 | C197: =ATR38_Raw_Data!I201 -> 395 | D197: Lights | E197: =SUM(B197:C197) -> 853
A198: 46149.292 | B198: =ATR38_Raw_Data!H202 -> 870 | C198: =ATR38_Raw_Data!I202 -> 670 | D198: Lights | E198: =SUM(B198:C198) -> 1540
A199: 46149.333 | B199: =ATR38_Raw_Data!H203 -> 785 | C199: =ATR38_Raw_Data!I203 -> 788 | D199: Lights | E199: =SUM(B199:C199) -> 1573
A200: 46149.375 | B200: =ATR38_Raw_Data!H204 -> 687 | C200: =ATR38_Raw_Data!I204 -> 667 | D200: Lights | E200: =SUM(B200:C200) -> 1354
A201: 46149.417 | B201: =ATR38_Raw_Data!H205 -> 690 | C201: =ATR38_Raw_Data!I205 -> 672 | D201: Lights | E201: =SUM(B201:C201) -> 1362
A202: 46149.458 | B202: =ATR38_Raw_Data!H206 -> 681 | C202: =ATR38_Raw_Data!I206 -> 748 | D202: Lights | E202: =SUM(B202:C202) -> 1429
... A358: 46155.958 | B358: =ATR38_Raw_Data!H362 -> 224 | C358: =ATR38_Raw_Data!I362 -> 254 | D358: Lights | E358: =SUM(B358:C358) -> 478
A359: 46149 | B359: =ATR38_Raw_Data!H367 -> 0 | C359: =ATR38_Raw_Data!I367 -> 1 | D359: SU_Truck | E359: =SUM(B359:C359) -> 1
A360: 46149.042 | B360: =ATR38_Raw_Data!H368 -> 0 | C360: =ATR38_Raw_Data!I368 -> 0 | D360: SU_Truck | E360: =SUM(B360:C360) -> 0
A361: 46149.083 | B361: =ATR38_Raw_Data!H369 -> 2 | C361: =ATR38_Raw_Data!I369 -> 1 | D361: SU_Truck | E361: =SUM(B361:C361) -> 3
A362: 46149.125 | B362: =ATR38_Raw_Data!H370 -> 2 | C362: =ATR38_Raw_Data!I370 -> 2 | D362: SU_Truck | E362: =SUM(B362:C362) -> 4
A363: 46149.167 | B363: =ATR38_Raw_Data!H371 -> 3 | C363: =ATR38_Raw_Data!I371 -> 1 | D363: SU_Truck | E363: =SUM(B363:C363) -> 4
A364: 46149.208 | B364: =ATR38_Raw_Data!H372 -> 5 | C364: =ATR38_Raw_Data!I372 -> 0 | D364: SU_Truck | E364: =SUM(B364:C364) -> 5
A365: 46149.25 | B365: =ATR38_Raw_Data!H373 -> 7 | C365: =ATR38_Raw_Data!I373 -> 1 | D365: SU_Truck | E365: =SUM(B365:C365) -> 8
A366: 46149.292 | B366: =ATR38_Raw_Data!H374 -> 24 | C366: =ATR38_Raw_Data!I374 -> 4 | D366: SU_Truck | E366: =SUM(B366:C366) -> 28
A367: 46149.333 | B367: =ATR38_Raw_Data!H375 -> 25 | C367: =ATR38_Raw_Data!I375 -> 10 | D367: SU_Truck | E367: =SUM(B367:C367) -> 35
A368: 46149.375 | B368: =ATR38_Raw_Data!H376 -> 25 | C368: =ATR38_Raw_Data!I376 -> 20 | D368: SU_Truck | E368: =SUM(B368:C368) -> 45
A369: 46149.417 | B369: =ATR38_Raw_Data!H377 -> 29 | C369: =ATR38_Raw_Data!I377 -> 34 | D369: SU_Truck | E369: =SUM(B369:C369) -> 63
A370: 46149.458 | B370: =ATR38_Raw_Data!H378 -> 26 | C370: =ATR38_Raw_Data!I378 -> 20 | D370: SU_Truck | E370: =SUM(B370:C370) -> 46
... A526: 46155.958 | B526: =ATR38_Raw_Data!H534 -> 0 | C526: =ATR38_Raw_Data!I534 -> 0 | D526: SU_Truck | E526: =SUM(B526:C526) -> 0
A527: 46149 | B527: =ATR38_Raw_Data!H539 -> 0 | C527: =ATR38_Raw_Data!I539 -> 0 | D527: Art_Trucks | E527: =SUM(B527:C527) -> 0
A528: 46149.042 | B528: =ATR38_Raw_Data!H540 -> 0 | C528: =ATR38_Raw_Data!I540 -> 0 | D528: Art_Trucks | E528: =SUM(B528:C528) -> 0
A529: 46149.083 | B529: =ATR38_Raw_Data!H541 -> 0 | C529: =ATR38_Raw_Data!I541 -> 0 | D529: Art_Trucks | E529: =SUM(B529:C529) -> 0
A530: 46149.125 | B530: =ATR38_Raw_Data!H542 -> 0 | C530: =ATR38_Raw_Data!I542 -> 0 | D530: Art_Trucks | E530: =SUM(B530:C530) -> 0
A531: 46149.167 | B531: =ATR38_Raw_Data!H543 -> 0 | C531: =ATR38_Raw_Data!I543 -> 0 | D531: Art_Trucks | E531: =SUM(B531:C531) -> 0
A532: 46149.208 | B532: =ATR38_Raw_Data!H544 -> 1 | C532: =ATR38_Raw_Data!I544 -> 0 | D532: Art_Trucks | E532: =SUM(B532:C532) -> 1
A533: 46149.25 | B533: =ATR38_Raw_Data!H545 -> 1 | C533: =ATR38_Raw_Data!I545 -> 2 | D533: Art_Trucks | E533: =SUM(B533:C533) -> 3
A534: 46149.292 | B534: =ATR38_Raw_Data!H546 -> 0 | C534: =ATR38_Raw_Data!I546 -> 2 | D534: Art_Trucks | E534: =SUM(B534:C534) -> 2
A535: 46149.333 | B535: =ATR38_Raw_Data!H547 -> 7 | C535: =ATR38_Raw_Data!I547 -> 5 | D535: Art_Trucks | E535: =SUM(B535:C535) -> 12
A536: 46149.375 | B536: =ATR38_Raw_Data!H548 -> 1 | C536: =ATR38_Raw_Data!I548 -> 0 | D536: Art_Trucks | E536: =SUM(B536:C536) -> 1
A537: 46149.417 | B537: =ATR38_Raw_Data!H549 -> 1 | C537: =ATR38_Raw_Data!I549 -> 2 | D537: Art_Trucks | E537: =SUM(B537:C537) -> 3
A538: 46149.458 | B538: =ATR38_Raw_Data!H550 -> 5 | C538: =ATR38_Raw_Data!I550 -> 6 | D538: Art_Trucks | E538: =SUM(B538:C538) -> 11
... A694: 46155.958 | B694: =ATR38_Raw_Data!H706 -> 0 | C694: =ATR38_Raw_Data!I706 -> 0 | D694: Art_Trucks | E694: =SUM(B694:C694) -> 0
A695: 46149 | B695: =ATR38_Raw_Data!H711 -> 2 | C695: =ATR38_Raw_Data!I711 -> 4 | D695: Buses | E695: =SUM(B695:C695) -> 6
A696: 46149.042 | B696: =ATR38_Raw_Data!H712 -> 2 | C696: =ATR38_Raw_Data!I712 -> 2 | D696: Buses | E696: =SUM(B696:C696) -> 4
A697: 46149.083 | B697: =ATR38_Raw_Data!H713 -> 1 | C697: =ATR38_Raw_Data!I713 -> 1 | D697: Buses | E697: =SUM(B697:C697) -> 2
A698: 46149.125 | B698: =ATR38_Raw_Data!H714 -> 1 | C698: =ATR38_Raw_Data!I714 -> 2 | D698: Buses | E698: =SUM(B698:C698) -> 3
A699: 46149.167 | B699: =ATR38_Raw_Data!H715 -> 1 | C699: =ATR38_Raw_Data!I715 -> 2 | D699: Buses | E699: =SUM(B699:C699) -> 3
A700: 46149.208 | B700: =ATR38_Raw_Data!H716 -> 3 | C700: =ATR38_Raw_Data!I716 -> 3 | D700: Buses | E700: =SUM(B700:C700) -> 6
A701: 46149.25 | B701: =ATR38_Raw_Data!H717 -> 18 | C701: =ATR38_Raw_Data!I717 -> 15 | D701: Buses | E701: =SUM(B701:C701) -> 33
A702: 46149.292 | B702: =ATR38_Raw_Data!H718 -> 12 | C702: =ATR38_Raw_Data!I718 -> 22 | D702: Buses | E702: =SUM(B702:C702) -> 34
A703: 46149.333 | B703: =ATR38_Raw_Data!H719 -> 7 | C703: =ATR38_Raw_Data!I719 -> 24 | D703: Buses | E703: =SUM(B703:C703) -> 31
A704: 46149.375 | B704: =ATR38_Raw_Data!H720 -> 11 | C704: =ATR38_Raw_Data!I720 -> 5 | D704: Buses | E704: =SUM(B704:C704) -> 16
A705: 46149.417 | B705: =ATR38_Raw_Data!H721 -> 6 | C705: =ATR38_Raw_Data!I721 -> 7 | D705: Buses | E705: =SUM(B705:C705) -> 13
A706: 46149.458 | B706: =ATR38_Raw_Data!H722 -> 4 | C706: =ATR38_Raw_Data!I722 -> 6 | D706: Buses | E706: =SUM(B706:C706) -> 10
... A862: 46155.958 | B862: =ATR38_Raw_Data!H878 -> 1 | C862: =ATR38_Raw_Data!I878 -> 2 | D862: Buses | E862: =SUM(B862:C862) -> 3
A863: 46149 | B863: =ATR38_Raw_Data!H883 -> 0 | C863: =ATR38_Raw_Data!I883 -> 0 | D863: Bicycles | E863: =SUM(B863:C863) -> 0
A864: 46149.042 | B864: =ATR38_Raw_Data!H884 -> 0 | C864: =ATR38_Raw_Data!I884 -> 0 | D864: Bicycles | E864: =SUM(B864:C864) -> 0
A865: 46149.083 | B865: =ATR38_Raw_Data!H885 -> 0 | C865: =ATR38_Raw_Data!I885 -> 0 | D865: Bicycles | E865: =SUM(B865:C865) -> 0
A866: 46149.125 | B866: =ATR38_Raw_Data!H886 -> 0 | C866: =ATR38_Raw_Data!I886 -> 0 | D866: Bicycles | E866: =SUM(B866:C866) -> 0
A867: 46149.167 | B867: =ATR38_Raw_Data!H887 -> 0 | C867: =ATR38_Raw_Data!I887 -> 0 | D867: Bicycles | E867: =SUM(B867:C867) -> 0
A868: 46149.208 | B868: =ATR38_Raw_Data!H888 -> 0 | C868: =ATR38_Raw_Data!I888 -> 1 | D868: Bicycles | E868: =SUM(B868:C868) -> 1
A869: 46149.25 | B869: =ATR38_Raw_Data!H889 -> 0 | C869: =ATR38_Raw_Data!I889 -> 0 | D869: Bicycles | E869: =SUM(B869:C869) -> 0
A870: 46149.292 | B870: =ATR38_Raw_Data!H890 -> 0 | C870: =ATR38_Raw_Data!I890 -> 0 | D870: Bicycles | E870: =SUM(B870:C870) -> 0
A871: 46149.333 | B871: =ATR38_Raw_Data!H891 -> 1 | C871: =ATR38_Raw_Data!I891 -> 0 | D871: Bicycles | E871: =SUM(B871:C871) -> 1
A872: 46149.375 | B872: =ATR38_Raw_Data!H892 -> 0 | C872: =ATR38_Raw_Data!I892 -> 0 | D872: Bicycles | E872: =SUM(B872:C872) -> 0
A873: 46149.417 | B873: =ATR38_Raw_Data!H893 -> 0 | C873: =ATR38_Raw_Data!I893 -> 0 | D873: Bicycles | E873: =SUM(B873:C873) -> 0
A874: 46149.458 | B874: =ATR38_Raw_Data!H894 -> 0 | C874: =ATR38_Raw_Data!I894 -> 0 | D874: Bicycles | E874: =SUM(B874:C874) -> 0
... A1030: 46155.958 | B1030: =ATR38_Raw_Data!H1050 -> 0 | C1030: =ATR38_Raw_Data!I1050 -> 0 | D1030: Bicycles | E1030: =SUM(B1030:C1030) -> 0

Sheet ATR38_ADT_by_Class
A2: Pivot Table | G2: Count Sum by Class | M2: %Count by Class
A3: Class | B3: Sum of EBWB_Counts | C3: Sum of EB_Counts | D3: Sum of WB_Counts | G3: Class | H3: Sum_EBWB_Counts | I3: Sum_EB_Count | J3: Sum_WB_Count | M3: Class | N3: EBWB_Counts | O3: EB_Count | P3: WB_Count
A4: Motorcycles | B4: 205 | C4: 107 | D4: 98 | G4: Motorcycles | H4: 205 | I4: 107 | J4: 98 | M4: Motorcycles | N4: =(H4/$H$10) -> 0.0010818627 | O4: =(I4/$I$10) -> 0.0011548092 | P4: =(J4/$J$10) -> 0.0010120621
A5: Lights | B5: 184287 | C5: 90164 | D5: 94123 | G5: Lights | H5: 184287 | I5: 90164 | J5: 94123 | M5: Lights | N5: =(H5/$H$10) -> 0.97255235 | O5: =(I5/$I$10) -> 0.97310482 | P5: =(J5/$J$10) -> 0.97202371
A6: SU_Truck | B6: 2501 | C6: 1308 | D6: 1193 | G6: SU_Truck | H6: 2501 | I6: 1308 | J6: 1193 | M6: SU_Truck | N6: =(H6/$H$10) -> 0.013198725 | O6: =(I6/$I$10) -> 0.014116733 | P6: =(J6/$J$10) -> 0.012320307
A7: Art_Trucks | B7: 340 | C7: 156 | D7: 184 | G7: Art_Trucks | H7: 340 | I7: 156 | J7: 184 | M7: Art_Trucks | N7: =(H7/$H$10) -> 0.0017943089 | O7: =(I7/$I$10) -> 0.001683647 | P7: =(J7/$J$10) -> 0.0019001983
A8: Buses | B8: 2040 | C8: 909 | D8: 1131 | G8: Buses | H8: 2040 | I8: 909 | J8: 1131 | M8: Buses | N8: =(H8/$H$10) -> 0.010765853 | O8: =(I8/$I$10) -> 0.0098104818 | P8: =(J8/$J$10) -> 0.011680023
A9: Bicycles | B9: 115 | C9: 12 | D9: 103 | G9: Bicycles | H9: 115 | I9: 12 | J9: 103 | M9: Bicycles | N9: =(H9/$H$10) -> 0.00060689859 | O9: =(I9/$I$10) -> 0.00012951131 | P9: =(J9/$J$10) -> 0.001063698
A10: Grand Total | B10: 189488 | C10: 92656 | D10: 96832 | G10: Grand Total | H10: 189488 | I10: 92656 | J10: 96832 | M10: Grand Total | N10: =SUM(N4:N9) -> 1 | O10: =SUM(O4:O9) -> 1 | P10: =SUM(P4:P9) -> 1
G13: ADT by Class
G14: Class | H14: ADT_EBWB_Counts | I14: ADT_EB_Count | J14: ADT_WB_Count
G15: Motorcycles | H15: =H4/7 -> 29.285714 | I15: =I4/7 -> 15.285714 | J15: =J4/7 -> 14
G16: Lights | H16: =H5/7 -> 26326.714 | I16: =I5/7 -> 12880.571 | J16: =J5/7 -> 13446.143
G17: SU_Truck | H17: =H6/7 -> 357.28571 | I17: =I6/7 -> 186.85714 | J17: =J6/7 -> 170.42857
G18: Art_Trucks | H18: =H7/7 -> 48.571429 | I18: =I7/7 -> 22.285714 | J18: =J7/7 -> 26.285714
G19: Buses | H19: =H8/7 -> 291.42857 | I19: =I8/7 -> 129.85714 | J19: =J8/7 -> 161.57143
G20: Bicycles | H20: =H9/7 -> 16.428571 | I20: =I9/7 -> 1.7142857 | J20: =J9/7 -> 14.714286
G21: Spring_ADT | H21: =SUM(H15:H20) -> 27069.714 | I21: =SUM(I15:I20) -> 13236.571 | J21: =SUM(J15:J20) -> 13833.143
